psyceric-Psyceric
kingfishow-DiamondKing504
sparkismyname-Mechnoboy
doyouevenknow_-DoYouEvenKnow
psyconiclydreaming-Psyconic_Dreams
billybeane-YAZ_D4Z_K4_FRAZ
valesco-Oblivious_Vic
bedouin317-Caseydia317
the_voidrl-TheVoid333
always_frosty-Always_Frosty
thelaggingpanda-Trex11
hubbardjoel592-davidahs592
electricwisp-AthenianWisp
topgunnerccl-Topgunnercl
nspgcertified-Certified17
nspgdoof-Doof_
pajarito313-Pajarito_
titanicgamer11-Titanicgamer11
mattplayzm-Mattplayz02
greywolf2484-grey_wolf2484
wessel12315-inktvis_slager
111robloxdude-111robloxdude
TreymasterX-Treymaster
afroman38-Huiople
HajiBoi-HajiBoi
MilkLL-Shrimptaster
CrooCroo-CrooCroo
pixel_meister-Pixelneils
IceDoesThings-IceDoesThings
conmanAgar-ConmanAgar25
beepysocool-beepys
PlKA-pkas
Prime23HS-PrimeLU23
antwnpls-Antwn
spitefire_4-spitefire_4